"line_number","x","y","UTC_Timestamp","seconds","epoch_time_in_seconds_start"
"0","50.30487804878049","50.25406504065041","1659370445.785","0","1659370445.785"
"0","50.30487804878049","50.25406504065041","1659370445.79","0.005",""
"0","50.25406504065041","50.25406504065041","1659370445.796","0.011",""
"0","50.20325203252033","50.30487804878049","1659370445.804","0.019",""
"0","50.15243902439024","50.355691056910565","1659370445.809","0.024",""
"0","50.101626016260155","50.355691056910565","1659370445.82","0.035",""
"0","50.05081300813008","50.40650406504065","1659370445.825","0.04",""
"0","50.05081300813008","50.40650406504065","1659370445.834","0.049",""
"0","50.05081300813008","50.457317073170735","1659370445.842","0.057",""
"0","50.05081300813008","50.50813008130081","1659370445.851","0.066",""
"0","50.101626016260155","50.50813008130081","1659370445.859","0.074",""
"0","50.15243902439024","50.5589430894309","1659370445.867","0.082",""
"0","50.20325203252033","50.609756097560975","1659370445.876","0.091",""
"0","50.25406504065041","50.66056910569105","1659370445.884","0.099",""
"0","50.30487804878049","50.76219512195122","1659370445.892","0.107",""
"0","50.355691056910565","50.8130081300813","1659370445.901","0.116",""
"0","50.355691056910565","50.863821138211385","1659370445.909","0.124",""
"0","50.40650406504065","50.96544715447154","1659370445.917","0.132",""
"0","50.40650406504065","51.016260162601625","1659370445.926","0.141",""
"0","50.40650406504065","51.11788617886179","1659370445.934","0.149",""
"0","50.40650406504065","51.168699186991866","1659370445.942","0.157",""
"0","50.40650406504065","51.27032520325203","1659370445.951","0.166",""
"0","50.355691056910565","51.3719512195122","1659370445.959","0.174",""
"0","50.25406504065041","51.52439024390244","1659370445.967","0.182",""
"0","50.15243902439024","51.676829268292686","1659370445.976","0.191",""
"0","50","51.829268292682926","1659370445.984","0.199",""
"0","49.84756097560975","51.93089430894309","1659370445.993","0.208",""
"0","49.644308943089435","52.13414634146341","1659370446.001","0.216",""
"0","49.49186991869919","52.235772357723576","1659370446.009","0.224",""
"0","49.33943089430895","52.28658536585366","1659370446.017","0.232",""
"0","49.136178861788615","52.33739837398374","1659370446.026","0.241",""
"0","48.983739837398375","52.33739837398374","1659370446.034","0.249",""
"0","48.831300813008134","52.33739837398374","1659370446.042","0.257",""
"0","48.6280487804878","52.33739837398374","1659370446.051","0.266",""
"0","48.47560975609756","52.28658536585366","1659370446.059","0.274",""
"0","48.323170731707314","52.235772357723576","1659370446.068","0.283",""
"0","48.170731707317074","52.13414634146341","1659370446.076","0.291",""
"0","48.06910569105691","52.08333333333333","1659370446.084","0.299",""
"0","47.91666666666667","51.98170731707317","1659370446.093","0.308",""
"0","47.8150406504065","51.88008130081301","1659370446.101","0.316",""
"0","47.71341463414634","51.77845528455284","1659370446.109","0.324",""
"0","47.66260162601626","51.676829268292686","1659370446.118","0.333",""
"0","47.5609756097561","51.52439024390244","1659370446.126","0.341",""
"0","47.459349593495936","51.3719512195122","1659370446.134","0.349",""
"0","47.40853658536585","51.168699186991866","1659370446.143","0.358",""
"0","47.30691056910569","50.96544715447154","1659370446.151","0.366",""
"0","47.20528455284553","50.8130081300813","1659370446.159","0.374",""
"0","47.15447154471545","50.609756097560975","1659370446.168","0.383",""
"0","47.052845528455286","50.457317073170735","1659370446.176","0.391",""
"0","47.0020325203252","50.30487804878049","1659370446.184","0.399",""
"0","46.95121951219512","50.203252032520325","1659370446.193","0.408",""
"0","46.90040650406504","50.05081300813008","1659370446.201","0.416",""
"0","46.84959349593496","49.898373983739845","1659370446.209","0.424",""
"0","46.79878048780488","49.69512195121951","1659370446.218","0.433",""
"0","46.7479674796748","49.54268292682927","1659370446.226","0.441",""
"0","46.697154471544714","49.390243902439025","1659370446.234","0.449",""
"0","46.697154471544714","49.237804878048784","1659370446.243","0.458",""
"0","46.697154471544714","49.08536585365854","1659370446.251","0.466",""
"0","46.697154471544714","48.9329268292683","1659370446.259","0.474",""
"0","46.697154471544714","48.83130081300813","1659370446.268","0.483",""
"0","46.697154471544714","48.72967479674797","1659370446.276","0.491",""
"0","46.697154471544714","48.57723577235772","1659370446.284","0.499",""
"0","46.697154471544714","48.42479674796748","1659370446.293","0.508",""
"0","46.697154471544714","48.27235772357723","1659370446.301","0.516",""
"0","46.697154471544714","48.11991869918699","1659370446.309","0.524",""
"0","46.7479674796748","47.916666666666664","1659370446.318","0.533",""
"0","46.7479674796748","47.764227642276424","1659370446.326","0.541",""
"0","46.79878048780488","47.61178861788618","1659370446.334","0.549",""
"0","46.84959349593496","47.459349593495936","1659370446.343","0.558",""
"0","46.90040650406504","47.256097560975604","1659370446.351","0.566",""
"0","47.0020325203252","47.10365853658537","1659370446.359","0.574",""
"0","47.052845528455286","46.95121951219512","1659370446.368","0.583",""
"0","47.15447154471545","46.79878048780488","1659370446.376","0.591",""
"0","47.256097560975604","46.64634146341463","1659370446.384","0.599",""
"0","47.357723577235774","46.493902439024396","1659370446.393","0.608",""
"0","47.459349593495936","46.34146341463414","1659370446.401","0.616",""
"0","47.5609756097561","46.239837398373986","1659370446.409","0.624",""
"0","47.71341463414634","46.08739837398373","1659370446.417","0.632",""
"0","47.8150406504065","45.985772357723576","1659370446.426","0.641",""
"0","47.96747967479675","45.88414634146341","1659370446.434","0.649",""
"0","48.11991869918699","45.78252032520326","1659370446.443","0.658",""
"0","48.22154471544716","45.68089430894309","1659370446.451","0.666",""
"0","48.3739837398374","45.63008130081301","1659370446.459","0.674",""
"0","48.577235772357724","45.52845528455285","1659370446.468","0.683",""
"0","48.72967479674797","45.47764227642277","1659370446.476","0.691",""
"0","48.88211382113821","45.3760162601626","1659370446.484","0.699",""
"0","49.03455284552846","45.32520325203252","1659370446.493","0.708",""
"0","49.23780487804878","45.27439024390244","1659370446.501","0.716",""
"0","49.390243902439025","45.22357723577236","1659370446.509","0.724",""
"0","49.59349593495935","45.12195121951219","1659370446.518","0.733",""
"0","49.74593495934959","45.07113821138211","1659370446.526","0.741",""
"0","49.94918699186992","45.07113821138211","1659370446.534","0.749",""
"0","50.15243902439024","45.02032520325203","1659370446.543","0.758",""
"0","50.30487804878049","45.02032520325203","1659370446.551","0.766",""
"0","50.45731707317073","45.02032520325203","1659370446.559","0.774",""
"0","50.66056910569105","45.02032520325203","1659370446.568","0.783",""
"0","50.863821138211385","45.02032520325203","1659370446.576","0.791",""
"0","51.0670731707317","45.02032520325203","1659370446.585","0.8",""
"0","51.27032520325203","45.07113821138211","1659370446.593","0.808",""
"0","51.47357723577236","45.12195121951219","1659370446.601","0.816",""
"0","51.67682926829268","45.17276422764228","1659370446.61","0.825",""
"0","51.93089430894309","45.22357723577236","1659370446.618","0.833",""
"0","52.1849593495935","45.32520325203252","1659370446.626","0.841",""
"0","52.4390243902439","45.3760162601626","1659370446.634","0.849",""
"0","52.69308943089431","45.52845528455285","1659370446.643","0.858",""
"0","52.89634146341463","45.63008130081301","1659370446.651","0.866",""
"0","53.09959349593496","45.731707317073166","1659370446.659","0.874",""
"0","53.35365853658537","45.833333333333336","1659370446.668","0.883",""
"0","53.55691056910569","45.9349593495935","1659370446.676","0.891",""
"0","53.760162601626014","46.08739837398373","1659370446.685","0.9",""
"0","53.963414634146346","46.1890243902439","1659370446.693","0.908",""
"0","54.11585365853659","46.290650406504064","1659370446.701","0.916",""
"0","54.268292682926834","46.34146341463414","1659370446.71","0.925",""
"0","54.420731707317074","46.493902439024396","1659370446.718","0.933",""
"0","54.57317073170732","46.54471544715447","1659370446.726","0.941",""
"0","54.77642276422764","46.64634146341463","1659370446.734","0.949",""
"0","54.92886178861789","46.7479674796748","1659370446.743","0.958",""
"0","55.08130081300813","46.84959349593496","1659370446.751","0.966",""
"0","55.28455284552846","46.95121951219512","1659370446.759","0.974",""
"0","55.43699186991869","47.10365853658537","1659370446.768","0.983",""
"0","55.58943089430895","47.20528455284553","1659370446.776","0.991",""
"0","55.74186991869918","47.357723577235774","1659370446.785","1",""
"0","55.894308943089435","47.510162601626014","1659370446.793","1.008",""
"0","56.04674796747967","47.66260162601627","1659370446.801","1.016",""
"0","56.19918699186992","47.8150406504065","1659370446.809","1.024",""
"0","56.30081300813008","48.018292682926834","1659370446.818","1.033",""
"0","56.40243902439024","48.170731707317074","1659370446.826","1.041",""
"0","56.50406504065041","48.3739837398374","1659370446.835","1.05",""
"0","56.605691056910565","48.57723577235772","1659370446.843","1.058",""
"0","56.70731707317073","48.72967479674797","1659370446.851","1.066",""
"0","56.8089430894309","48.9329268292683","1659370446.86","1.075",""
"0","56.859756097560975","49.136178861788615","1659370446.868","1.083",""
"0","56.91056910569105","49.33943089430895","1659370446.876","1.091",""
"0","56.96138211382114","49.59349593495935","1659370446.884","1.099",""
"0","57.012195121951216","49.84756097560976","1659370446.893","1.108",""
"0","57.06300813008131","50.10162601626016","1659370446.901","1.116",""
"0","57.06300813008131","50.40650406504065","1659370446.909","1.124",""
"0","57.06300813008131","50.66056910569105","1659370446.918","1.133",""
"0","57.06300813008131","50.91463414634146","1659370446.926","1.141",""
"0","57.06300813008131","51.168699186991866","1659370446.935","1.15",""
"0","57.06300813008131","51.422764227642276","1659370446.943","1.158",""
"0","57.012195121951216","51.676829268292686","1659370446.951","1.166",""
"0","56.96138211382114","51.93089430894309","1659370446.96","1.175",""
"0","56.91056910569105","52.235772357723576","1659370446.968","1.183",""
"0","56.859756097560975","52.489837398373986","1659370446.976","1.191",""
"0","56.75813008130082","52.79471544715447","1659370446.985","1.2",""
"0","56.65650406504065","53.04878048780488","1659370446.993","1.208",""
"0","56.55487804878049","53.2520325203252","1659370447.001","1.216",""
"0","56.45325203252033","53.506097560975604","1659370447.01","1.225",""
"0","56.351626016260155","53.709349593495936","1659370447.018","1.233",""
"0","56.25","53.91260162601626","1659370447.027","1.242",""
"0","56.148373983739845","54.11585365853659","1659370447.035","1.25",""
"0","55.99593495934959","54.31910569105691","1659370447.043","1.258",""
"0","55.894308943089435","54.573170731707314","1659370447.051","1.266",""
"0","55.74186991869918","54.827235772357724","1659370447.06","1.275",""
"0","55.58943089430895","55.03048780487805","1659370447.068","1.283",""
"0","55.43699186991869","55.233739837398375","1659370447.076","1.291",""
"0","55.233739837398375","55.4369918699187","1659370447.085","1.3",""
"0","55.08130081300813","55.640243902439025","1659370447.093","1.308",""
"0","54.92886178861789","55.792682926829265","1659370447.101","1.316",""
"0","54.72560975609756","55.94512195121951","1659370447.11","1.325",""
"0","54.57317073170732","56.09756097560975","1659370447.118","1.333",""
"0","54.420731707317074","56.30081300813008","1659370447.127","1.342",""
"0","54.21747967479674","56.453252032520325","1659370447.135","1.35",""
"0","54.014227642276424","56.605691056910565","1659370447.143","1.358",""
"0","53.86178861788618","56.8089430894309","1659370447.151","1.366",""
"0","53.607723577235774","56.96138211382114","1659370447.16","1.375",""
"0","53.40447154471545","57.113821138211385","1659370447.168","1.383",""
"0","53.20121951219512","57.21544715447154","1659370447.176","1.391",""
"0","52.9979674796748","57.36788617886179","1659370447.185","1.4",""
"0","52.79471544715447","57.46951219512195","1659370447.193","1.408",""
"0","52.540650406504064","57.57113821138211","1659370447.202","1.417",""
"0","52.33739837398373","57.672764227642276","1659370447.21","1.425",""
"0","51.88008130081301","57.82520325203252","1659370447.227","1.442",""
"0","51.57520325203252","57.97764227642276","1659370447.234","1.449",""
"0","51.32113821138211","58.079268292682926","1659370447.242","1.457",""
"0","51.0670731707317","58.18089430894309","1659370447.251","1.466",""
"0","50.762195121951216","58.28252032520325","1659370447.259","1.474",""
"0","50.50813008130082","58.33333333333333","1659370447.267","1.482",""
"0","50.25406504065041","58.38414634146341","1659370447.276","1.491",""
"0","50","58.4349593495935","1659370447.285","1.5",""
"0","49.74593495934959","58.485772357723576","1659370447.293","1.508",""
"0","49.49186991869919","58.485772357723576","1659370447.301","1.516",""
"0","49.23780487804878","58.53658536585366","1659370447.31","1.525",""
"0","48.93292682926829","58.53658536585366","1659370447.318","1.533",""
"0","48.67886178861789","58.53658536585366","1659370447.327","1.542",""
"0","48.3739837398374","58.53658536585366","1659370447.335","1.55",""
"0","48.06910569105691","58.53658536585366","1659370447.343","1.558",""
"0","47.8150406504065","58.53658536585366","1659370447.351","1.566",""
"0","47.510162601626014","58.485772357723576","1659370447.36","1.575",""
"0","47.256097560975604","58.485772357723576","1659370447.368","1.583",""
"0","47.0020325203252","58.4349593495935","1659370447.377","1.592",""
"0","46.7479674796748","58.4349593495935","1659370447.385","1.6",""
"0","46.493902439024396","58.38414634146341","1659370447.393","1.608",""
"0","46.239837398373986","58.33333333333333","1659370447.402","1.617",""
"0","45.985772357723576","58.28252032520325","1659370447.41","1.625",""
"0","45.83333333333333","58.23170731707317","1659370447.418","1.633",""
"0","45.579268292682926","58.13008130081301","1659370447.427","1.642",""
"0","45.3760162601626","58.02845528455284","1659370447.435","1.65",""
"0","45.172764227642276","57.8760162601626","1659370447.443","1.658",""
"0","44.96951219512195","57.77439024390244","1659370447.452","1.667",""
"0","44.81707317073171","57.672764227642276","1659370447.46","1.675",""
"0","44.66463414634146","57.57113821138211","1659370447.469","1.684",""
"0","44.51219512195122","57.46951219512195","1659370447.477","1.692",""
"0","44.41056910569105","57.36788617886179","1659370447.485","1.7",""
"0","44.25813008130081","57.266260162601625","1659370447.493","1.708",""
"0","44.105691056910565","57.16463414634146","1659370447.502","1.717",""
"0","44.00406504065041","57.0630081300813","1659370447.51","1.725",""
"0","43.90243902439025","56.91056910569105","1659370447.518","1.733",""
"0","43.75","56.8089430894309","1659370447.526","1.741",""
"0","43.64837398373984","56.707317073170735","1659370447.535","1.75",""
"0","43.49593495934959","56.55487804878049","1659370447.543","1.758",""
"0","43.34349593495935","56.35162601626016","1659370447.552","1.767",""
"0","43.24186991869919","56.14837398373984","1659370447.56","1.775",""
"0","43.08943089430895","55.99593495934959","1659370447.568","1.783",""
"0","42.886178861788615","55.74186991869919","1659370447.577","1.792",""
"0","42.78455284552846","55.53861788617886","1659370447.585","1.8",""
"0","42.581300813008134","55.33536585365854","1659370447.593","1.808",""
"0","42.42886178861789","55.081300813008134","1659370447.602","1.817",""
"0","42.27642276422765","54.8780487804878","1659370447.61","1.825",""
"0","42.1239837398374","54.6239837398374","1659370447.618","1.833",""
"0","41.97154471544716","54.36991869918699","1659370447.627","1.842",""
"0","41.81910569105691","54.16666666666667","1659370447.635","1.85",""
"0","41.71747967479675","53.91260162601626","1659370447.643","1.858",""
"0","41.5650406504065","53.709349593495936","1659370447.652","1.867",""
"0","41.46341463414634","53.45528455284553","1659370447.66","1.875",""
"0","41.361788617886184","53.2520325203252","1659370447.668","1.883",""
"0","41.209349593495936","53.04878048780488","1659370447.677","1.892",""
"0","41.107723577235774","52.84552845528455","1659370447.685","1.9",""
"0","41.006097560975604","52.59146341463415","1659370447.694","1.909",""
"0","40.853658536585364","52.33739837398374","1659370447.702","1.917",""
"0","40.7520325203252","52.13414634146341","1659370447.71","1.925",""
"0","40.70121951219512","51.88008130081301","1659370447.718","1.933",""
"0","40.59959349593496","51.57520325203252","1659370447.727","1.942",""
"0","40.4979674796748","51.32113821138211","1659370447.735","1.95",""
"0","40.396341463414636","51.06707317073171","1659370447.743","1.958",""
"0","40.34552845528455","50.8130081300813","1659370447.752","1.967",""
"0","40.243902439024396","50.5589430894309","1659370447.76","1.975",""
"0","40.19308943089431","50.30487804878049","1659370447.769","1.984",""
"0","40.142276422764226","50.05081300813008","1659370447.777","1.992",""
"0","40.040650406504064","49.74593495934959","1659370447.785","2",""
"0","39.989837398373986","49.4410569105691","1659370447.793","2.008",""
"0","39.9390243902439","49.136178861788615","1659370447.802","2.017",""
"0","39.888211382113816","48.882113821138205","1659370447.81","2.025",""
"0","39.888211382113816","48.62804878048781","1659370447.819","2.034",""
"0","39.888211382113816","48.3739837398374","1659370447.827","2.042",""
"0","39.888211382113816","48.170731707317074","1659370447.835","2.05",""
"0","39.888211382113816","47.916666666666664","1659370447.844","2.059",""
"0","39.888211382113816","47.61178861788618","1659370447.852","2.067",""
"0","39.9390243902439","47.357723577235774","1659370447.86","2.075",""
"0","39.989837398373986","47.10365853658537","1659370447.869","2.084",""
"0","40.040650406504064","46.84959349593496","1659370447.877","2.092",""
"0","40.142276422764226","46.64634146341463","1659370447.885","2.1",""
"0","40.243902439024396","46.392276422764226","1659370447.894","2.109",""
"0","40.34552845528455","46.1890243902439","1659370447.902","2.117",""
"0","40.447154471544714","45.985772357723576","1659370447.91","2.125",""
"0","40.59959349593496","45.78252032520326","1659370447.919","2.134",""
"0","40.70121951219512","45.52845528455285","1659370447.927","2.142",""
"0","40.853658536585364","45.32520325203252","1659370447.935","2.15",""
"0","41.006097560975604","45.12195121951219","1659370447.944","2.159",""
"0","41.209349593495936","44.867886178861795","1659370447.952","2.167",""
"0","41.361788617886184","44.66463414634146","1659370447.96","2.175",""
"0","41.514227642276424","44.46138211382114","1659370447.969","2.184",""
"0","41.71747967479675","44.20731707317073","1659370447.977","2.192",""
"0","41.86991869918699","44.00406504065041","1659370447.985","2.2",""
"0","42.073170731707314","43.75","1659370447.994","2.209",""
"0","42.27642276422765","43.49593495934959","1659370448.002","2.217",""
"0","42.47967479674797","43.24186991869918","1659370448.01","2.225",""
"0","42.68292682926829","42.987804878048784","1659370448.019","2.234",""
"0","42.886178861788615","42.733739837398375","1659370448.027","2.242",""
"0","43.08943089430895","42.53048780487805","1659370448.035","2.25",""
"0","43.292682926829265","42.27642276422764","1659370448.044","2.259",""
"0","43.49593495934959","42.07317073170732","1659370448.052","2.267",""
"0","43.75","41.86991869918699","1659370448.06","2.275",""
"0","43.953252032520325","41.666666666666664","1659370448.069","2.284",""
"0","44.15650406504065","41.514227642276424","1659370448.077","2.292",""
"0","44.41056910569105","41.3109756097561","1659370448.085","2.3",""
"0","44.66463414634146","41.15853658536586","1659370448.093","2.308",""
"0","44.86788617886179","41.006097560975604","1659370448.102","2.317",""
"0","45.1219512195122","40.90447154471545","1659370448.11","2.325",""
"0","45.426829268292686","40.7520325203252","1659370448.119","2.334",""
"0","45.63008130081301","40.59959349593496","1659370448.127","2.342",""
"0","45.88414634146341","40.447154471544714","1659370448.135","2.35",""
"0","46.138211382113816","40.34552845528455","1659370448.144","2.359",""
"0","46.34146341463415","40.19308943089431","1659370448.152","2.367",""
"0","46.59552845528455","40.040650406504064","1659370448.16","2.375",""
"0","46.84959349593496","39.9390243902439","1659370448.169","2.384",""
"0","47.103658536585364","39.83739837398373","1659370448.177","2.392",""
"0","47.30691056910569","39.735772357723576","1659370448.185","2.4",""
"0","47.611788617886184","39.583333333333336","1659370448.194","2.409",""
"0","47.8150406504065","39.481707317073166","1659370448.202","2.417",""
"0","48.06910569105691","39.43089430894309","1659370448.21","2.425",""
"0","48.323170731707314","39.329268292682926","1659370448.219","2.434",""
"0","48.577235772357724","39.22764227642277","1659370448.227","2.442",""
"0","48.831300813008134","39.17682926829268","1659370448.235","2.45",""
"0","49.136178861788615","39.07520325203252","1659370448.244","2.459",""
"0","49.390243902439025","39.02439024390244","1659370448.252","2.467",""
"0","49.69512195121951","38.97357723577236","1659370448.26","2.475",""
"0","50","38.92276422764228","1659370448.269","2.484",""
"0","50.30487804878049","38.87195121951219","1659370448.277","2.492",""
"0","50.5589430894309","38.82113821138211","1659370448.285","2.5",""
"0","50.91463414634146","38.77032520325203","1659370448.294","2.509",""
"0","51.16869918699187","38.71951219512195","1659370448.302","2.517",""
"0","51.52439024390244","38.66869918699187","1659370448.31","2.525",""
"0","51.829268292682926","38.66869918699187","1659370448.319","2.534",""
"0","52.13414634146341","38.66869918699187","1659370448.327","2.542",""
"0","52.4390243902439","38.66869918699187","1659370448.335","2.55",""
"0","52.743902439024396","38.66869918699187","1659370448.344","2.559",""
"0","53.04878048780488","38.71951219512195","1659370448.352","2.567",""
"0","53.40447154471545","38.82113821138211","1659370448.361","2.576",""
"0","53.709349593495936","38.87195121951219","1659370448.369","2.584",""
"0","54.014227642276424","38.97357723577236","1659370448.377","2.592",""
"0","54.31910569105691","39.02439024390244","1659370448.386","2.601",""
"0","54.6239837398374","39.1260162601626","1659370448.394","2.609",""
"0","54.92886178861789","39.22764227642277","1659370448.402","2.617",""
"0","55.233739837398375","39.329268292682926","1659370448.41","2.625",""
"0","55.53861788617886","39.481707317073166","1659370448.419","2.634",""
"0","55.84349593495935","39.583333333333336","1659370448.427","2.642",""
"0","56.09756097560976","39.786585365853654","1659370448.435","2.65",""
"0","56.40243902439024","39.9390243902439","1659370448.444","2.659",""
"0","56.65650406504065","40.09146341463414","1659370448.452","2.667",""
"0","56.91056910569105","40.29471544715447","1659370448.46","2.675",""
"0","57.16463414634146","40.447154471544714","1659370448.469","2.684",""
"0","57.367886178861795","40.59959349593496","1659370448.477","2.692",""
"0","57.57113821138211","40.802845528455286","1659370448.485","2.7",""
"0","57.82520325203252","40.95528455284553","1659370448.494","2.709",""
"0","58.02845528455285","41.107723577235774","1659370448.502","2.717",""
"0","58.231707317073166","41.260162601626014","1659370448.511","2.726",""
"0","58.4349593495935","41.463414634146346","1659370448.519","2.734",""
"0","58.63821138211382","41.61585365853659","1659370448.527","2.742",""
"0","58.892276422764226","41.81910569105691","1659370448.535","2.75",""
"0","59.09552845528455","42.02235772357723","1659370448.544","2.759",""
"0","59.34959349593496","42.22560975609756","1659370448.552","2.767",""
"0","59.60365853658537","42.47967479674797","1659370448.56","2.775",""
"0","59.857723577235774","42.733739837398375","1659370448.569","2.784",""
"0","60.11178861788618","42.987804878048784","1659370448.577","2.792",""
"0","60.36585365853659","43.29268292682927","1659370448.586","2.801",""
"0","60.56910569105691","43.59756097560976","1659370448.594","2.809",""
"0","60.82317073170732","43.90243902439024","1659370448.602","2.817",""
"0","61.07723577235772","44.3089430894309","1659370448.611","2.826",""
"0","61.28048780487805","44.613821138211385","1659370448.619","2.834",""
"0","61.53455284552846","44.96951219512195","1659370448.627","2.842",""
"0","61.78861788617886","45.3760162601626","1659370448.635","2.85",""
"0","61.99186991869918","45.78252032520326","1659370448.644","2.859",""
"0","62.19512195121951","46.13821138211382","1659370448.652","2.867",""
"0","62.34756097560976","46.54471544715447","1659370448.661","2.876",""
"0","62.44918699186992","46.90040650406504","1659370448.669","2.884",""
"0","62.601626016260155","47.20528455284553","1659370448.677","2.892",""
"0","62.70325203252033","47.5609756097561","1659370448.685","2.9",""
"0","62.75406504065041","47.86585365853659","1659370448.694","2.909",""
"0","62.80487804878049","48.170731707317074","1659370448.702","2.917",""
"0","62.855691056910565","48.52642276422764","1659370448.711","2.926",""
"0","62.90650406504065","48.78048780487805","1659370448.719","2.934",""
"0","62.90650406504065","49.08536585365854","1659370448.727","2.942",""
"0","62.95731707317073","49.49186991869918","1659370448.736","2.951",""
"0","62.95731707317073","49.79674796747967","1659370448.744","2.959",""
"0","62.95731707317073","50.15243902439025","1659370448.752","2.967",""
"0","62.95731707317073","50.50813008130081","1659370448.761","2.976",""
"0","62.95731707317073","50.863821138211385","1659370448.769","2.984",""
"0","62.90650406504065","51.168699186991866","1659370448.777","2.992",""
"0","62.855691056910565","51.47357723577235","1659370448.786","3.001",""
"0","62.80487804878049","51.829268292682926","1659370448.794","3.009",""
"0","62.75406504065041","52.13414634146341","1659370448.802","3.017",""
"0","62.70325203252033","52.540650406504064","1659370448.811","3.026",""
"0","62.65243902439024","52.84552845528455","1659370448.819","3.034",""
"0","62.601626016260155","53.20121951219512","1659370448.827","3.042",""
"0","62.55081300813008","53.55691056910569","1659370448.836","3.051",""
"0","62.5","53.8109756097561","1659370448.844","3.059",""
"0","62.44918699186992","54.11585365853659","1659370448.852","3.067",""
"0","62.398373983739845","54.47154471544716","1659370448.861","3.076",""
"0","62.29674796747967","54.72560975609756","1659370448.869","3.084",""
"0","62.19512195121951","55.03048780487805","1659370448.877","3.092",""
"0","62.09349593495935","55.33536585365854","1659370448.886","3.101",""
"0","61.99186991869918","55.640243902439025","1659370448.894","3.109",""
"0","61.890243902439025","55.94512195121951","1659370448.902","3.117",""
"0","61.737804878048784","56.30081300813008","1659370448.911","3.126",""
"0","61.58536585365854","56.605691056910565","1659370448.919","3.134",""
"0","61.4329268292683","56.96138211382114","1659370448.93","3.145",""
"0","61.22967479674797","57.31707317073171","1659370448.936","3.151",""
"0","61.07723577235772","57.6219512195122","1659370448.943","3.158",""
"0","60.92479674796748","57.926829268292686","1659370448.952","3.167",""
"0","60.72154471544715","58.28252032520325","1659370448.96","3.175",""
"0","60.518292682926834","58.58739837398374","1659370448.968","3.183",""
"0","60.3150406504065","58.892276422764226","1659370448.977","3.192",""
"0","60.0609756097561","59.197154471544714","1659370448.986","3.201",""
"0","59.857723577235774","59.5020325203252","1659370448.994","3.209",""
"0","59.552845528455286","59.80691056910569","1659370449.002","3.217",""
"0","59.29878048780488","60.16260162601626","1659370449.011","3.226",""
"0","58.993902439024396","60.46747967479675","1659370449.019","3.234",""
"0","58.6890243902439","60.77235772357724","1659370449.027","3.242",""
"0","58.38414634146341","61.077235772357724","1659370449.036","3.251",""
"0","58.079268292682926","61.38211382113821","1659370449.044","3.259",""
"0","57.77439024390244","61.636178861788615","1659370449.053","3.268",""
"0","57.46951219512195","61.890243902439025","1659370449.061","3.276",""
"0","57.21544715447154","62.09349593495935","1659370449.069","3.284",""
"0","56.91056910569105","62.296747967479675","1659370449.077","3.292",""
"0","56.55487804878049","62.5","1659370449.086","3.301",""
"0","56.25","62.703252032520325","1659370449.094","3.309",""
"0","55.94512195121951","62.90650406504065","1659370449.103","3.318",""
"0","55.53861788617886","63.109756097560975","1659370449.111","3.326",""
"0","55.1829268292683","63.3130081300813","1659370449.119","3.334",""
"0","54.82723577235772","63.516260162601625","1659370449.128","3.343",""
"0","54.47154471544715","63.668699186991866","1659370449.136","3.351",""
"0","54.166666666666664","63.82113821138211","1659370449.144","3.359",""
"0","53.8109756097561","63.922764227642276","1659370449.152","3.367",""
"0","53.45528455284553","64.07520325203252","1659370449.161","3.376",""
"0","53.15040650406504","64.17682926829269","1659370449.169","3.384",""
"0","52.743902439024396","64.32926829268293","1659370449.178","3.393",""
"0","52.4390243902439","64.380081300813","1659370449.186","3.401",""
"0","52.13414634146341","64.48170731707317","1659370449.194","3.409",""
"0","51.72764227642277","64.58333333333333","1659370449.202","3.417",""
"0","51.42276422764228","64.6341463414634","1659370449.211","3.426",""
"0","51.0670731707317","64.6849593495935","1659370449.219","3.434",""
"0","50.66056910569105","64.78658536585365","1659370449.228","3.443",""
"0","50.30487804878049","64.83739837398375","1659370449.236","3.451",""
"0","49.94918699186992","64.83739837398375","1659370449.244","3.459",""
"0","49.542682926829265","64.88821138211381","1659370449.253","3.468",""
"0","49.23780487804878","64.9390243902439","1659370449.261","3.476",""
"0","48.88211382113821","64.9390243902439","1659370449.269","3.484",""
"0","48.47560975609756","64.9390243902439","1659370449.278","3.493",""
"0","48.170731707317074","64.9390243902439","1659370449.286","3.501",""
"0","47.8150406504065","64.88821138211381","1659370449.294","3.509",""
"0","47.459349593495936","64.88821138211381","1659370449.303","3.518",""
"0","47.15447154471545","64.83739837398375","1659370449.311","3.526",""
"0","46.84959349593496","64.78658536585365","1659370449.319","3.534",""
"0","46.493902439024396","64.73577235772358","1659370449.328","3.543",""
"0","46.1890243902439","64.6849593495935","1659370449.336","3.551",""
"0","45.88414634146341","64.6341463414634","1659370449.344","3.559",""
"0","45.52845528455284","64.58333333333333","1659370449.353","3.568",""
"0","45.22357723577235","64.53252032520325","1659370449.361","3.576",""
"0","44.918699186991866","64.48170731707317","1659370449.369","3.584",""
"0","44.613821138211385","64.380081300813","1659370449.378","3.593",""
"0","44.3089430894309","64.32926829268293","1659370449.386","3.601",""
"0","43.953252032520325","64.22764227642276","1659370449.394","3.609",""
"0","43.59756097560975","64.1260162601626","1659370449.403","3.618",""
"0","43.292682926829265","63.97357723577235","1659370449.411","3.626",""
"0","42.98780487804878","63.8719512195122","1659370449.419","3.634",""
"0","42.63211382113821","63.71951219512195","1659370449.428","3.643",""
"0","42.327235772357724","63.56707317073171","1659370449.436","3.651",""
"0","41.97154471544716","63.41463414634146","1659370449.444","3.659",""
"0","41.61585365853659","63.21138211382114","1659370449.453","3.668",""
"0","41.260162601626014","63.00813008130081","1659370449.461","3.676",""
"0","40.853658536585364","62.80487804878049","1659370449.469","3.684",""
"0","40.447154471544714","62.55081300813008","1659370449.478","3.693",""
"0","40.040650406504064","62.296747967479675","1659370449.486","3.701",""
"0","39.58333333333333","61.99186991869919","1659370449.494","3.709",""
"0","39.176829268292686","61.73780487804878","1659370449.503","3.718",""
"0","38.82113821138211","61.483739837398375","1659370449.511","3.726",""
"0","38.46544715447154","61.22967479674797","1659370449.519","3.734",""
"0","38.109756097560975","60.97560975609756","1659370449.528","3.743",""
"0","37.80487804878049","60.77235772357724","1659370449.536","3.751",""
"0","37.5","60.51829268292683","1659370449.544","3.759",""
"0","37.19512195121951","60.264227642276424","1659370449.553","3.768",""
"0","36.99186991869919","60.010162601626014","1659370449.561","3.776",""
"0","36.73780487804878","59.80691056910569","1659370449.569","3.784",""
"0","36.53455284552846","59.552845528455286","1659370449.578","3.793",""
"0","36.331300813008134","59.34959349593496","1659370449.586","3.801",""
"0","36.1280487804878","59.09552845528455","1659370449.594","3.809",""
"0","35.92479674796748","58.84146341463415","1659370449.603","3.818",""
"0","35.77235772357724","58.58739837398374","1659370449.611","3.826",""
"0","35.61991869918699","58.28252032520325","1659370449.62","3.835",""
"0","35.46747967479675","58.02845528455284","1659370449.628","3.843",""
"0","35.36585365853659","57.72357723577235","1659370449.636","3.851",""
"0","35.21341463414634","57.418699186991866","1659370449.645","3.86",""
"0","35.111788617886184","57.16463414634146","1659370449.653","3.868",""
"0","35.010162601626014","56.859756097560975","1659370449.661","3.876",""
"0","34.90853658536585","56.55487804878049","1659370449.67","3.885",""
"0","34.756097560975604","56.19918699186992","1659370449.678","3.893",""
"0","34.65447154471545","55.84349593495935","1659370449.686","3.901",""
"0","34.552845528455286","55.53861788617886","1659370449.695","3.91",""
"0","34.45121951219512","55.18292682926829","1659370449.703","3.918",""
"0","34.34959349593496","54.8780487804878","1659370449.711","3.926",""
"0","34.2479674796748","54.52235772357724","1659370449.72","3.935",""
"0","34.09552845528455","54.16666666666667","1659370449.728","3.943",""
"0","33.993902439024396","53.8109756097561","1659370449.736","3.951",""
"0","33.892276422764226","53.40447154471545","1659370449.745","3.96",""
"0","33.790650406504064","53.09959349593496","1659370449.753","3.968",""
"0","33.6890243902439","52.79471544715447","1659370449.761","3.976",""
"0","33.58739837398374","52.4390243902439","1659370449.77","3.985",""
"0","33.53658536585366","52.08333333333333","1659370449.778","3.993",""
"0","33.485772357723576","51.77845528455284","1659370449.786","4.001",""
"0","33.38414634146341","51.3719512195122","1659370449.795","4.01",""
"0","33.33333333333333","51.06707317073171","1659370449.803","4.018",""
"0","33.28252032520325","50.71138211382114","1659370449.811","4.026",""
"0","33.18089430894309","50.355691056910565","1659370449.82","4.035",""
"0","33.18089430894309","50","1659370449.828","4.043",""
"0","33.13008130081301","49.59349593495935","1659370449.836","4.051",""
"0","33.079268292682926","49.18699186991869","1659370449.845","4.06",""
"0","33.02845528455284","48.78048780487805","1659370449.853","4.068",""
"0","32.97764227642276","48.3739837398374","1659370449.861","4.076",""
"0","32.926829268292686","47.916666666666664","1659370449.87","4.085",""
"0","32.8760162601626","47.61178861788618","1659370449.878","4.093",""
"0","32.8760162601626","47.256097560975604","1659370449.886","4.101",""
"0","32.8760162601626","46.90040650406504","1659370449.895","4.11",""
"0","32.8760162601626","46.54471544715447","1659370449.903","4.118",""
"0","32.8760162601626","46.13821138211382","1659370449.911","4.126",""
"0","32.8760162601626","45.731707317073166","1659370449.92","4.135",""
"0","32.926829268292686","45.42682926829268","1659370449.928","4.143",""
"0","32.97764227642276","45.07113821138211","1659370449.936","4.151",""
"0","33.02845528455284","44.766260162601625","1659370449.945","4.16",""
"0","33.079268292682926","44.46138211382114","1659370449.953","4.168",""
"0","33.13008130081301","44.20731707317073","1659370449.961","4.176",""
"0","33.18089430894309","43.90243902439024","1659370449.97","4.185",""
"0","33.28252032520325","43.59756097560976","1659370449.978","4.193",""
"0","33.38414634146341","43.29268292682927","1659370449.986","4.201",""
"0","33.485772357723576","42.987804878048784","1659370449.995","4.21",""
"0","33.58739837398374","42.6829268292683","1659370450.003","4.218",""
"0","33.739837398373986","42.42886178861789","1659370450.011","4.226",""
"0","33.892276422764226","42.1239837398374","1659370450.02","4.235",""
"0","34.04471544715447","41.86991869918699","1659370450.028","4.243",""
"0","34.197154471544714","41.5650406504065","1659370450.036","4.251",""
"0","34.40040650406504","41.260162601626014","1659370450.045","4.26",""
"0","34.603658536585364","41.006097560975604","1659370450.053","4.268",""
"0","34.756097560975604","40.70121951219512","1659370450.061","4.276",""
"0","35.010162601626014","40.39634146341463","1659370450.07","4.285",""
"0","35.16260162601626","40.09146341463414","1659370450.078","4.293",""
"0","35.36585365853659","39.83739837398373","1659370450.086","4.301",""
"0","35.61991869918699","39.583333333333336","1659370450.095","4.31",""
"0","35.8739837398374","39.27845528455285","1659370450.103","4.318",""
"0","36.077235772357724","38.97357723577236","1659370450.111","4.326",""
"0","36.331300813008134","38.71951219512195","1659370450.12","4.335",""
"0","36.58536585365854","38.41463414634146","1659370450.128","4.343",""
"0","36.83943089430895","38.16056910569105","1659370450.136","4.351",""
"0","37.09349593495935","37.90650406504065","1659370450.145","4.36",""
"0","37.34756097560975","37.65243902439024","1659370450.153","4.368",""
"0","37.60162601626016","37.398373983739845","1659370450.162","4.377",""
"0","37.855691056910565","37.144308943089435","1659370450.17","4.385",""
"0","38.109756097560975","36.890243902439025","1659370450.178","4.393",""
"0","38.41463414634146","36.636178861788615","1659370450.186","4.401",""
"0","38.668699186991866","36.382113821138205","1659370450.195","4.41",""
"0","38.922764227642276","36.12804878048781","1659370450.203","4.418",""
"0","39.22764227642276","35.92479674796748","1659370450.211","4.426",""
"0","39.48170731707317","35.670731707317074","1659370450.22","4.435",""
"0","39.735772357723576","35.46747967479675","1659370450.229","4.444",""
"0","40.040650406504064","35.264227642276424","1659370450.236","4.451",""
"0","40.29471544715447","35.01016260162602","1659370450.245","4.46",""
"0","40.59959349593496","34.80691056910568","1659370450.253","4.468",""
"0","40.853658536585364","34.60365853658537","1659370450.261","4.476",""
"0","41.15853658536585","34.400406504065046","1659370450.27","4.485",""
"0","41.41260162601626","34.19715447154471","1659370450.278","4.493",""
"0","41.66666666666667","34.04471544715447","1659370450.286","4.501",""
"0","41.97154471544716","33.84146341463415","1659370450.295","4.51",""
"0","42.22560975609756","33.6890243902439","1659370450.303","4.518",""
"0","42.53048780487805","33.536585365853654","1659370450.311","4.526",""
"0","42.78455284552846","33.38414634146342","1659370450.32","4.535",""
"0","43.08943089430895","33.23170731707317","1659370450.328","4.543",""
"0","43.394308943089435","33.079268292682926","1659370450.336","4.551",""
"0","43.69918699186992","32.92682926829268","1659370450.345","4.56",""
"0","44.00406504065041","32.82520325203252","1659370450.353","4.568",""
"0","44.359756097560975","32.672764227642276","1659370450.362","4.577",""
"0","44.66463414634146","32.571138211382106","1659370450.37","4.585",""
"0","45.02032520325203","32.46951219512195","1659370450.378","4.593",""
"0","45.426829268292686","32.367886178861795","1659370450.387","4.602",""
"0","45.73170731707317","32.3170731707317","1659370450.395","4.61",""
"0","46.138211382113816","32.21544715447155","1659370450.403","4.618",""
"0","46.54471544715447","32.11382113821138","1659370450.412","4.627",""
"0","46.90040650406504","32.0630081300813","1659370450.42","4.635",""
"0","47.30691056910569","32.01219512195121","1659370450.428","4.643",""
"0","47.71341463414634","31.910569105691053","1659370450.44","4.655",""
"0","48.11991869918699","31.859756097560975","1659370450.446","4.661",""
"0","48.52642276422765","31.808943089430898","1659370450.453","4.668",""
"0","48.93292682926829","31.808943089430898","1659370450.461","4.676",""
"0","49.33943089430895","31.75813008130082","1659370450.469","4.684",""
"0","49.74593495934959","31.75813008130082","1659370450.478","4.693",""
"0","50.20325203252033","31.75813008130082","1659370450.486","4.701",""
"0","50.5589430894309","31.75813008130082","1659370450.494","4.709",""
"0","50.96544715447154","31.75813008130082","1659370450.503","4.718",""
"0","51.42276422764228","31.75813008130082","1659370450.512","4.727",""
"0","51.77845528455285","31.75813008130082","1659370450.52","4.735",""
"0","52.1849593495935","31.75813008130082","1659370450.528","4.743",""
"0","52.59146341463414","31.75813008130082","1659370450.537","4.752",""
"0","52.947154471544714","31.75813008130082","1659370450.545","4.76",""
"0","53.302845528455286","31.75813008130082","1659370450.553","4.768",""
"0","53.709349593495936","31.808943089430898","1659370450.562","4.777",""
"0","54.0650406504065","31.808943089430898","1659370450.57","4.785",""
"0","54.36991869918699","31.859756097560975","1659370450.578","4.793",""
"0","54.72560975609756","31.859756097560975","1659370450.587","4.802",""
"0","55.03048780487805","31.859756097560975","1659370450.595","4.81",""
"0","55.33536585365854","31.910569105691053","1659370450.604","4.819",""
"0","55.640243902439025","31.96138211382113","1659370450.612","4.827",""
"0","55.94512195121951","32.0630081300813","1659370450.62","4.835",""
"0","56.25","32.16463414634147","1659370450.628","4.843",""
"0","56.55487804878049","32.3170731707317","1659370450.637","4.852",""
"0","56.859756097560975","32.41869918699187","1659370450.645","4.86",""
"0","57.113821138211385","32.571138211382106","1659370450.653","4.868",""
"0","57.41869918699187","32.672764227642276","1659370450.662","4.877",""
"0","57.72357723577236","32.82520325203252","1659370450.67","4.885",""
"0","57.97764227642277","32.92682926829268","1659370450.678","4.893",""
"0","58.28252032520326","33.079268292682926","1659370450.687","4.902",""
"0","58.58739837398373","33.23170731707317","1659370450.695","4.91",""
"0","58.84146341463414","33.38414634146342","1659370450.703","4.918",""
"0","59.14634146341463","33.536585365853654","1659370450.712","4.927",""
"0","59.45121951219512","33.73983739837398","1659370450.72","4.935",""
"0","59.756097560975604","33.94308943089432","1659370450.729","4.944",""
"0","60.0609756097561","34.14634146341463","1659370450.737","4.952",""
"0","60.36585365853659","34.400406504065046","1659370450.745","4.96",""
"0","60.670731707317074","34.60365853658537","1659370450.754","4.969",""
"0","60.97560975609756","34.857723577235774","1659370450.762","4.977",""
"0","61.28048780487805","35.11178861788618","1659370450.77","4.985",""
"0","61.58536585365854","35.36585365853658","1659370450.778","4.993",""
"0","61.890243902439025","35.619918699187","1659370450.787","5.002",""
"0","62.19512195121951","35.8739837398374","1659370450.795","5.01",""
"0","62.5","36.17886178861789","1659370450.804","5.019",""
"0","62.80487804878049","36.4329268292683","1659370450.812","5.027",""
"0","63.109756097560975","36.737804878048784","1659370450.82","5.035",""
"0","63.41463414634146","36.99186991869918","1659370450.829","5.044",""
"0","63.66869918699187","37.34756097560976","1659370450.837","5.052",""
"0","63.97357723577236","37.65243902439024","1659370450.845","5.06",""
"0","64.22764227642277","37.90650406504065","1659370450.854","5.069",""
"0","64.48170731707317","38.21138211382114","1659370450.862","5.077",""
"0","64.73577235772358","38.46544715447154","1659370450.87","5.085",""
"0","64.9390243902439","38.71951219512195","1659370450.879","5.094",""
"0","65.14227642276423","39.02439024390244","1659370450.887","5.102",""
"0","65.34552845528455","39.27845528455285","1659370450.895","5.11",""
"0","65.4979674796748","39.53252032520326","1659370450.904","5.119",""
"0","65.65040650406505","39.786585365853654","1659370450.912","5.127",""
"0","65.85365853658537","40.09146341463414","1659370450.92","5.135",""
"0","66.0060975609756","40.39634146341463","1659370450.929","5.144",""
"0","66.15853658536585","40.65040650406504","1659370450.937","5.152",""
"0","66.36178861788618","40.95528455284553","1659370450.945","5.16",""
"0","66.5650406504065","41.3109756097561","1659370450.954","5.169",""
"0","66.71747967479675","41.61585365853659","1659370450.962","5.177",""
"0","66.869918699187","41.97154471544715","1659370450.97","5.185",""
"0","67.07317073170732","42.27642276422764","1659370450.979","5.194",""
"0","67.22560975609755","42.58130081300813","1659370450.987","5.202",""
"0","67.3780487804878","42.93699186991869","1659370450.995","5.21",""
"0","67.53048780487805","43.34349593495935","1659370451.004","5.219",""
"0","67.6829268292683","43.75","1659370451.012","5.227",""
"0","67.83536585365853","44.15650406504065","1659370451.02","5.235",""
"0","68.03861788617887","44.56300813008131","1659370451.029","5.244",""
"0","68.1910569105691","45.02032520325203","1659370451.037","5.252",""
"0","68.34349593495935","45.47764227642277","1659370451.045","5.26",""
"0","68.4959349593496","45.9349593495935","1659370451.054","5.269",""
"0","68.64837398373984","46.392276422764226","1659370451.062","5.277",""
"0","68.75","46.79878048780488","1659370451.07","5.285",""
"0","68.85162601626016","47.20528455284553","1659370451.079","5.294",""
"0","68.95325203252033","47.61178861788618","1659370451.087","5.302",""
"0","69.0548780487805","48.018292682926834","1659370451.095","5.31",""
"0","69.10569105691057","48.47560975609756","1659370451.104","5.319",""
"0","69.15650406504065","48.882113821138205","1659370451.112","5.327",""
"0","69.15650406504065","49.237804878048784","1659370451.12","5.335",""
"0","69.20731707317073","49.69512195121951","1659370451.129","5.344",""
"0","69.25813008130082","50.10162601626016","1659370451.137","5.352",""
"0","69.25813008130082","50.5589430894309","1659370451.145","5.36",""
"0","69.25813008130082","51.016260162601625","1659370451.154","5.369",""
"0","69.25813008130082","51.3719512195122","1659370451.162","5.377",""
"0","69.25813008130082","51.77845528455284","1659370451.17","5.385",""
"0","69.25813008130082","52.1849593495935","1659370451.179","5.394",""
"0","69.20731707317073","52.540650406504064","1659370451.187","5.402",""
"0","69.15650406504065","52.947154471544714","1659370451.195","5.41",""
"0","69.0548780487805","53.302845528455286","1659370451.204","5.419",""
"0","69.0040650406504","53.65853658536585","1659370451.212","5.427",""
"0","68.90243902439023","54.0650406504065","1659370451.22","5.435",""
"0","68.80081300813008","54.47154471544716","1659370451.229","5.444",""
"0","68.69918699186992","54.8780487804878","1659370451.237","5.452",""
"0","68.59756097560977","55.233739837398375","1659370451.245","5.46",""
"0","68.4451219512195","55.640243902439025","1659370451.254","5.469",""
"0","68.29268292682927","55.99593495934959","1659370451.262","5.477",""
"0","68.14024390243902","56.40243902439025","1659370451.27","5.485",""
"0","67.98780487804879","56.75813008130081","1659370451.279","5.494",""
"0","67.83536585365853","57.113821138211385","1659370451.287","5.502",""
"0","67.6829268292683","57.46951219512195","1659370451.295","5.51",""
"0","67.53048780487805","57.77439024390244","1659370451.304","5.519",""
"0","67.32723577235772","58.13008130081301","1659370451.312","5.527",""
"0","67.17479674796748","58.4349593495935","1659370451.32","5.535",""
"0","66.97154471544715","58.790650406504064","1659370451.329","5.544",""
"0","66.76829268292683","59.146341463414636","1659370451.337","5.552",""
"0","66.5650406504065","59.552845528455286","1659370451.346","5.561",""
"0","66.36178861788618","59.90853658536585","1659370451.354","5.569",""
"0","66.15853658536585","60.264227642276424","1659370451.362","5.577",""
"0","65.95528455284553","60.61991869918699","1659370451.37","5.585",""
"0","65.70121951219512","61.02642276422765","1659370451.379","5.594",""
"0","65.4979674796748","61.331300813008134","1659370451.387","5.602",""
"0","65.29471544715447","61.6869918699187","1659370451.396","5.611",""
"0","65.04065040650406","61.99186991869919","1659370451.404","5.619",""
"0","64.83739837398373","62.296747967479675","1659370451.412","5.627",""
"0","64.63414634146342","62.60162601626016","1659370451.42","5.635",""
"0","64.43089430894308","62.90650406504065","1659370451.429","5.644",""
"0","64.17682926829268","63.21138211382114","1659370451.437","5.652",""
"0","63.97357723577236","63.516260162601625","1659370451.445","5.66",""
"0","63.71951219512195","63.8719512195122","1659370451.454","5.669",""
"0","63.46544715447154","64.17682926829269","1659370451.462","5.677",""
"0","63.21138211382114","64.48170731707317","1659370451.47","5.685",""
"0","63.00813008130082","64.78658536585365","1659370451.479","5.694",""
"0","62.75406504065041","65.09146341463415","1659370451.487","5.702",""
"0","62.5","65.4471544715447","1659370451.496","5.711",""
"0","62.24593495934959","65.7520325203252","1659370451.504","5.719",""
"0","61.99186991869918","66.0569105691057","1659370451.512","5.727",""
"0","61.737804878048784","66.36178861788619","1659370451.521","5.736",""
"0","61.483739837398375","66.6158536585366","1659370451.529","5.744",""
"0","61.17886178861789","66.92073170731707","1659370451.537","5.752",""
"0","60.8739837398374","67.22560975609755","1659370451.546","5.761",""
"0","60.61991869918699","67.47967479674797","1659370451.554","5.769",""
"0","60.36585365853659","67.73373983739837","1659370451.562","5.777",""
"0","60.0609756097561","68.03861788617886","1659370451.571","5.786",""
"0","59.756097560975604","68.29268292682927","1659370451.579","5.794",""
"0","59.40040650406504","68.54674796747967","1659370451.587","5.802",""
"0","59.09552845528455","68.80081300813008","1659370451.596","5.811",""
"0","58.790650406504064","69.0548780487805","1659370451.604","5.819",""
"0","58.4349593495935","69.2581300813008","1659370451.612","5.827",""
"0","58.02845528455285","69.51219512195122","1659370451.621","5.836",""
"0","57.67276422764228","69.71544715447155","1659370451.629","5.844",""
"0","57.3170731707317","69.96951219512195","1659370451.637","5.852",""
"0","56.91056910569105","70.17276422764228","1659370451.646","5.861",""
"0","56.50406504065041","70.32520325203252","1659370451.654","5.869",""
"0","56.09756097560976","70.47764227642276","1659370451.662","5.877",""
"0","55.640243902439025","70.630081300813","1659370451.671","5.886",""
"0","55.1829268292683","70.78252032520325","1659370451.679","5.894",""
"0","54.67479674796748","70.88414634146342","1659370451.687","5.902",""
"0","54.166666666666664","71.03658536585365","1659370451.696","5.911",""
"0","53.709349593495936","71.13821138211382","1659370451.704","5.919",""
"0","53.20121951219512","71.239837398374","1659370451.712","5.927",""
"0","52.69308943089431","71.39227642276423","1659370451.721","5.936",""
"0","52.235772357723576","71.4939024390244","1659370451.729","5.944",""
"0","51.77845528455285","71.59552845528455","1659370451.737","5.952",""
"0","51.32113821138211","71.64634146341464","1659370451.746","5.961",""
"0","50.863821138211385","71.7479674796748","1659370451.754","5.969",""
"0","50.40650406504065","71.79878048780488","1659370451.762","5.977",""
"0","49.89837398373984","71.84959349593495","1659370451.771","5.986",""
"0","49.4410569105691","71.84959349593495","1659370451.779","5.994",""
"0","48.93292682926829","71.84959349593495","1659370451.787","6.002",""
"0","48.3739837398374","71.84959349593495","1659370451.796","6.011",""
"0","47.91666666666667","71.84959349593495","1659370451.804","6.019",""
"0","47.40853658536585","71.84959349593495","1659370451.812","6.027",""
"0","46.84959349593496","71.84959349593495","1659370451.821","6.036",""
"0","46.34146341463415","71.84959349593495","1659370451.829","6.044",""
"0","45.83333333333333","71.7479674796748","1659370451.837","6.052",""
"0","45.27439024390244","71.69715447154472","1659370451.846","6.061",""
"0","44.766260162601625","71.59552845528455","1659370451.854","6.069",""
"0","44.3089430894309","71.54471544715447","1659370451.862","6.077",""
"0","43.80081300813008","71.4430894308943","1659370451.871","6.086",""
"0","43.292682926829265","71.34146341463415","1659370451.879","6.094",""
"0","42.83536585365854","71.239837398374","1659370451.888","6.103",""
"0","42.327235772357724","71.13821138211382","1659370451.896","6.111",""
"0","41.86991869918699","70.98577235772358","1659370451.904","6.119",""
"0","41.41260162601626","70.88414634146342","1659370451.913","6.128",""
"0","40.95528455284553","70.73170731707317","1659370451.921","6.136",""
"0","40.4979674796748","70.630081300813","1659370451.929","6.144",""
"0","40.09146341463415","70.47764227642276","1659370451.937","6.152",""
"0","39.63414634146341","70.32520325203252","1659370451.946","6.161",""
"0","39.22764227642276","70.17276422764228","1659370451.954","6.169",""
"0","38.82113821138211","69.96951219512195","1659370451.962","6.177",""
"0","38.363821138211385","69.71544715447155","1659370451.971","6.186",""
"0","38.00813008130081","69.51219512195122","1659370451.979","6.194",""
"0","37.65243902439025","69.3089430894309","1659370451.988","6.203",""
"0","37.24593495934959","69.0548780487805","1659370451.996","6.211",""
"0","36.890243902439025","68.80081300813008","1659370452.004","6.219",""
"0","36.483739837398375","68.54674796747967","1659370452.012","6.227",""
"0","36.1280487804878","68.2418699186992","1659370452.021","6.236",""
"0","35.77235772357724","67.98780487804878","1659370452.029","6.244",""
"0","35.36585365853659","67.6321138211382","1659370452.038","6.253",""
"0","35.010162601626014","67.32723577235772","1659370452.046","6.261",""
"0","34.65447154471545","67.02235772357724","1659370452.056","6.271",""
"0","34.29878048780488","66.66666666666667","1659370452.063","6.278",""
"0","33.993902439024396","66.36178861788619","1659370452.07","6.285",""
"0","33.6890243902439","66.0060975609756","1659370452.078","6.293",""
"0","33.33333333333333","65.65040650406505","1659370452.087","6.302",""
"0","33.02845528455284","65.2439024390244","1659370452.095","6.31",""
"0","32.72357723577235","64.88821138211381","1659370452.104","6.319",""
"0","32.418699186991866","64.4308943089431","1659370452.113","6.328",""
"0","32.16463414634146","64.07520325203252","1659370452.121","6.336",""
"0","31.859756097560975","63.71951219512195","1659370452.129","6.344",""
"0","31.554878048780488","63.3130081300813","1659370452.138","6.353",""
"0","31.300813008130078","62.90650406504065","1659370452.146","6.361",""
"0","30.99593495934959","62.55081300813008","1659370452.154","6.369",""
"0","30.741869918699187","62.144308943089435","1659370452.163","6.378",""
"0","30.53861788617886","61.83943089430895","1659370452.171","6.386",""
"0","30.284552845528456","61.53455284552846","1659370452.179","6.394",""
"0","30.03048780487805","61.1280487804878","1659370452.188","6.403",""
"0","29.827235772357724","60.77235772357724","1659370452.196","6.411",""
"0","29.573170731707314","60.41666666666667","1659370452.204","6.419",""
"0","29.369918699186993","60.010162601626014","1659370452.212","6.427",""
"0","29.166666666666668","59.70528455284553","1659370452.221","6.436",""
"0","28.96341463414634","59.40040650406504","1659370452.229","6.444",""
"0","28.810975609756095","58.993902439024396","1659370452.238","6.453",""
"0","28.60772357723577","58.6890243902439","1659370452.246","6.461",""
"0","28.455284552845526","58.28252032520325","1659370452.254","6.469",""
"0","28.302845528455283","57.8760162601626","1659370452.263","6.478",""
"0","28.15040650406504","57.57113821138211","1659370452.271","6.486",""
"0","27.997967479674795","57.21544715447154","1659370452.279","6.494",""
"0","27.84552845528455","56.859756097560975","1659370452.288","6.503",""
"0","27.693089430894307","56.50406504065041","1659370452.296","6.511",""
"0","27.59146341463415","56.09756097560975","1659370452.304","6.519",""
"0","27.439024390243905","55.640243902439025","1659370452.313","6.528",""
"0","27.33739837398374","55.28455284552846","1659370452.321","6.536",""
"0","27.235772357723576","54.8780487804878","1659370452.329","6.544",""
"0","27.083333333333332","54.420731707317074","1659370452.338","6.553",""
"0","26.981707317073173","53.96341463414634","1659370452.346","6.561",""
"0","26.93089430894309","53.55691056910569","1659370452.354","6.569",""
"0","26.82926829268293","53.09959349593496","1659370452.363","6.578",""
"0","26.778455284552845","52.69308943089431","1659370452.371","6.586",""
"0","26.727642276422763","52.28658536585366","1659370452.379","6.594",""
"0","26.676829268292686","51.829268292682926","1659370452.388","6.603",""
"0","26.6260162601626","51.3719512195122","1659370452.396","6.611",""
"0","26.6260162601626","50.91463414634146","1659370452.404","6.619",""
"0","26.6260162601626","50.40650406504065","1659370452.413","6.628",""
"0","26.6260162601626","49.898373983739845","1659370452.421","6.636",""
"0","26.6260162601626","49.4410569105691","1659370452.429","6.644",""
"0","26.6260162601626","48.983739837398375","1659370452.438","6.653",""
"0","26.6260162601626","48.57723577235772","1659370452.446","6.661",""
"0","26.6260162601626","48.11991869918699","1659370452.454","6.669",""
"0","26.6260162601626","47.66260162601627","1659370452.463","6.678",""
"0","26.676829268292686","47.256097560975604","1659370452.471","6.686",""
"0","26.727642276422763","46.79878048780488","1659370452.479","6.694",""
"0","26.778455284552845","46.392276422764226","1659370452.488","6.703",""
"0","26.82926829268293","45.985772357723576","1659370452.496","6.711",""
"0","26.93089430894309","45.579268292682926","1659370452.504","6.719",""
"0","27.03252032520325","45.12195121951219","1659370452.513","6.728",""
"0","27.184959349593495","44.766260162601625","1659370452.521","6.736",""
"0","27.33739837398374","44.3089430894309","1659370452.529","6.744",""
"0","27.489837398373986","43.90243902439024","1659370452.538","6.753",""
"0","27.64227642276423","43.44512195121951","1659370452.546","6.761",""
"0","27.84552845528455","43.03861788617886","1659370452.555","6.77",""
"0","28.04878048780488","42.58130081300813","1659370452.563","6.778",""
"0","28.20121951219512","42.17479674796748","1659370452.571","6.786",""
"0","28.40447154471545","41.768292682926834","1659370452.579","6.794",""
"0","28.60772357723577","41.36178861788618","1659370452.588","6.803",""
"0","28.810975609756095","40.95528455284553","1659370452.596","6.811",""
"0","29.065040650406505","40.54878048780488","1659370452.605","6.82",""
"0","29.268292682926827","40.142276422764226","1659370452.613","6.828",""
"0","29.522357723577237","39.786585365853654","1659370452.621","6.836",""
"0","29.776422764227643","39.329268292682926","1659370452.63","6.845",""
"0","30.03048780487805","38.97357723577236","1659370452.638","6.853",""
"0","30.284552845528456","38.5670731707317","1659370452.646","6.861",""
"0","30.53861788617886","38.109756097560975","1659370452.654","6.869",""
"0","30.79268292682927","37.75406504065041","1659370452.663","6.878",""
"0","30.99593495934959","37.398373983739845","1659370452.671","6.886",""
"0","31.25","36.9410569105691","1659370452.68","6.895",""
"0","31.50406504065041","36.53455284552846","1659370452.688","6.903",""
"0","31.758130081300813","36.12804878048781","1659370452.696","6.911",""
"0","32.0630081300813","35.72154471544715","1659370452.705","6.92",""
"0","32.31707317073171","35.36585365853658","1659370452.713","6.928",""
"0","32.57113821138211","35.01016260162602","1659370452.721","6.936",""
"0","32.8760162601626","34.60365853658537","1659370452.73","6.945",""
"0","33.13008130081301","34.2479674796748","1659370452.738","6.953",""
"0","33.38414634146341","33.892276422764226","1659370452.746","6.961",""
"0","33.739837398373986","33.536585365853654","1659370452.755","6.97",""
"0","33.993902439024396","33.23170731707317","1659370452.763","6.978",""
"0","34.29878048780488","32.8760162601626","1659370452.771","6.986",""
"0","34.603658536585364","32.571138211382106","1659370452.779","6.994",""
"0","34.90853658536585","32.266260162601625","1659370452.788","7.003",""
"0","35.21341463414634","31.96138211382113","1659370452.796","7.011",""
"0","35.51829268292683","31.65650406504065","1659370452.805","7.02",""
"0","35.8739837398374","31.351626016260155","1659370452.813","7.028",""
"0","36.17886178861789","31.046747967479675","1659370452.821","7.036",""
"0","36.58536585365854","30.74186991869918","1659370452.83","7.045",""
"0","36.890243902439025","30.4369918699187","1659370452.838","7.053",""
"0","37.24593495934959","30.132113821138205","1659370452.846","7.061",""
"0","37.60162601626016","29.827235772357724","1659370452.855","7.07",""
"0","37.90650406504065","29.57317073170732","1659370452.863","7.078",""
"0","38.26219512195122","29.268292682926827","1659370452.871","7.086",""
"0","38.668699186991866","28.963414634146346","1659370452.88","7.095",""
"0","39.02439024390244","28.76016260162602","1659370452.888","7.103",""
"0","39.38008130081301","28.506097560975604","1659370452.896","7.111",""
"0","39.735772357723576","28.2520325203252","1659370452.905","7.12",""
"0","40.142276422764226","27.9979674796748","1659370452.913","7.128",""
"0","40.54878048780488","27.794715447154474","1659370452.921","7.136",""
"0","40.95528455284553","27.59146341463415","1659370452.93","7.145",""
"0","41.361788617886184","27.388211382113823","1659370452.938","7.153",""
"0","41.71747967479675","27.235772357723576","1659370452.946","7.161",""
"0","42.17479674796748","27.03252032520325","1659370452.955","7.17",""
"0","42.581300813008134","26.880081300813004","1659370452.963","7.178",""
"0","43.03861788617886","26.72764227642277","1659370452.971","7.186",""
"0","43.49593495934959","26.575203252032523","1659370452.98","7.195",""
"0","43.90243902439025","26.422764227642276","1659370452.988","7.203",""
"0","44.41056910569105","26.27032520325203","1659370452.996","7.211",""
"0","44.86788617886179","26.168699186991873","1659370453.005","7.22",""
"0","45.32520325203252","26.067073170731703","1659370453.013","7.228",""
"0","45.83333333333333","26.016260162601625","1659370453.021","7.236",""
"0","46.34146341463415","25.965447154471548","1659370453.03","7.245",""
"0","46.79878048780488","25.863821138211378","1659370453.038","7.253",""
"0","47.357723577235774","25.863821138211378","1659370453.046","7.261",""
"0","47.86585365853659","25.8130081300813","1659370453.055","7.27",""
"0","48.3739837398374","25.76219512195121","1659370453.063","7.278",""
"0","48.88211382113821","25.71138211382113","1659370453.071","7.286",""
"0","49.4410569105691","25.609756097560975","1659370453.08","7.295",""
"0","50","25.558943089430898","1659370453.088","7.303",""
"0","50.5589430894309","25.50813008130082","1659370453.097","7.312",""
"0","51.16869918699187","25.50813008130082","1659370453.105","7.32",""
"0","51.72764227642277","25.457317073170728","1659370453.113","7.328",""
"0","52.286585365853654","25.457317073170728","1659370453.121","7.336",""
"0","52.84552845528455","25.457317073170728","1659370453.13","7.345",""
"0","53.40447154471545","25.457317073170728","1659370453.138","7.353",""
"0","54.014227642276424","25.457317073170728","1659370453.146","7.361",""
"0","54.6239837398374","25.457317073170728","1659370453.155","7.37",""
"0","55.132113821138205","25.50813008130082","1659370453.163","7.378",""
"0","55.74186991869918","25.558943089430898","1659370453.172","7.387",""
"0","56.30081300813008","25.660569105691053","1659370453.18","7.395",""
"0","56.859756097560975","25.76219512195121","1659370453.188","7.403",""
"0","57.46951219512195","25.91463414634147","1659370453.197","7.412",""
"0","58.02845528455285","26.016260162601625","1659370453.205","7.42",""
"0","58.63821138211382","26.21951219512195","1659370453.213","7.428",""
"0","59.2479674796748","26.371951219512198","1659370453.222","7.437",""
"0","59.756097560975604","26.524390243902445","1659370453.23","7.445",""
"0","60.3150406504065","26.72764227642277","1659370453.238","7.453",""
"0","60.92479674796748","26.93089430894308","1659370453.247","7.462",""
"0","61.483739837398375","27.083333333333343","1659370453.255","7.47",""
"0","62.04268292682927","27.33739837398373","1659370453.263","7.478",""
"0","62.65243902439024","27.59146341463415","1659370453.271","7.486",""
"0","63.16056910569105","27.794715447154474","1659370453.28","7.495",""
"0","63.66869918699187","28.048780487804876","1659370453.288","7.503",""
"0","64.22764227642277","28.35365853658537","1659370453.297","7.512",""
"0","64.73577235772358","28.65853658536585","1659370453.305","7.52",""
"0","65.2439024390244","28.963414634146346","1659370453.313","7.528",""
"0","65.8028455284553","29.268292682926827","1659370453.322","7.537",""
"0","66.3109756097561","29.6239837398374","1659370453.33","7.545",""
"0","66.81910569105692","29.97967479674797","1659370453.338","7.553",""
"0","67.32723577235772","30.386178861788622","1659370453.347","7.562",""
"0","67.78455284552845","30.84349593495935","1659370453.355","7.57",""
"0","68.29268292682927","31.25","1659370453.363","7.578",""
"0","68.85162601626016","31.707317073170728","1659370453.372","7.587",""
"0","69.3089430894309","32.11382113821138","1659370453.38","7.595",""
"0","69.8170731707317","32.571138211382106","1659370453.388","7.603",""
"0","70.27439024390245","33.079268292682926","1659370453.397","7.612",""
"0","70.73170731707317","33.536585365853654","1659370453.405","7.62",""
"0","71.23983739837398","33.993902439024396","1659370453.413","7.628",""
"0","71.7479674796748","34.55284552845529","1659370453.422","7.637",""
"0","72.15447154471545","35.11178861788618","1659370453.43","7.645",""
"0","72.61178861788618","35.619918699187","1659370453.439","7.654",""
"0","73.06910569105692","36.17886178861789","1659370453.447","7.662",""
"0","73.42479674796748","36.68699186991869","1659370453.455","7.67",""
"0","73.83130081300813","37.24593495934959","1659370453.463","7.678",""
"0","74.1869918699187","37.75406504065041","1659370453.472","7.687",""
"0","74.54268292682927","38.262195121951216","1659370453.48","7.695",""
"0","74.84756097560977","38.77032520325203","1659370453.488","7.703",""
"0","75.15243902439023","39.27845528455285","1659370453.497","7.712",""
"0","75.35569105691057","39.786585365853654","1659370453.505","7.72",""
"0","75.60975609756098","40.29471544715447","1659370453.514","7.729",""
"0","75.86382113821138","40.802845528455286","1659370453.522","7.737",""
"0","76.0670731707317","41.3109756097561","1659370453.53","7.745",""
"0","76.21951219512195","41.768292682926834","1659370453.538","7.753",""
"0","76.3719512195122","42.22560975609756","1659370453.547","7.762",""
"0","76.47357723577237","42.58130081300813","1659370453.555","7.77",""
"0","76.57520325203252","42.987804878048784","1659370453.563","7.778",""
"0","76.67682926829268","43.44512195121951","1659370453.572","7.787",""
"0","76.77845528455285","43.851626016260155","1659370453.58","7.795",""
"0","76.880081300813","44.3089430894309","1659370453.589","7.804",""
"0","76.98170731707317","44.71544715447154","1659370453.597","7.812",""
"0","77.08333333333334","45.12195121951219","1659370453.605","7.82",""
"0","77.13414634146342","45.579268292682926","1659370453.613","7.828",""
"0","77.1849593495935","45.985772357723576","1659370453.622","7.837",""
"0","77.23577235772358","46.392276422764226","1659370453.63","7.845",""
"0","77.23577235772358","46.697154471544714","1659370453.64","7.855",""
"0","77.23577235772358","47.052845528455286","1659370453.646","7.861",""
"0","77.23577235772358","47.30691056910569","1659370453.654","7.869",""
"0","77.23577235772358","47.61178861788618","1659370453.663","7.878",""
"0","77.23577235772358","47.916666666666664","1659370453.671","7.886",""
"0","77.23577235772358","48.22154471544715","1659370453.679","7.894",""
"0","77.23577235772358","48.52642276422764","1659370453.688","7.903",""
"0","77.23577235772358","48.78048780487805","1659370453.696","7.911",""
"0","77.1849593495935","49.03455284552846","1659370453.705","7.92",""
"0","77.13414634146342","49.28861788617886","1659370453.713","7.928",""
"0","77.08333333333334","49.54268292682927","1659370453.722","7.937",""
"0","77.03252032520325","49.74593495934959","1659370453.73","7.945",""
"0","76.93089430894308","50","1659370453.739","7.954",""
"0","76.880081300813","50.203252032520325","1659370453.747","7.962",""
"0","76.82926829268293","50.355691056910565","1659370453.755","7.97",""
"0","76.72764227642277","50.50813008130081","1659370453.763","7.978",""
"0","76.67682926829268","50.609756097560975","1659370453.772","7.987",""
"0","76.6260162601626","50.66056910569105","1659370453.78","7.995",""
"0","76.6260162601626","50.71138211382114","1659370453.789","8.004",""
"0","76.6260162601626","50.71138211382114","1659370453.797","8.012",""
"0","76.57520325203252","50.71138211382114","1659370453.805","8.02",""
"0","76.57520325203252","50.71138211382114","1659370453.814","8.029",""
"0","76.57520325203252","50.71138211382114","1659370453.822","8.037",""
"0","76.57520325203252","50.71138211382114","1659370453.83","8.045",""
"0","76.57520325203252","50.71138211382114","1659370453.838","8.053",""
"0","76.6260162601626","50.71138211382114","1659370453.846","8.061",""
